{
  "generated_at": "2025-12-07T14:30:02.903291",
  "n_samples": 10000,
  "columns": {
    "ph": {
      "mean": 6.9992497517518055,
      "std": 0.5215287560640611,
      "min": 4.5,
      "max": 10.5,
      "median": 7.006545705383588
    },
    "tds": {
      "mean": 304.50987210988757,
      "std": 95.59459952394145,
      "min": 68.6174802455642,
      "max": 2408.1097334474366,
      "median": 301.0675440210913
    },
    "temp": {
      "mean": 24.907352911887465,
      "std": 2.1669005061897195,
      "min": 20.614671619076844,
      "max": 29.167290913935332,
      "median": 24.937564209569846
    },
    "turbidity": {
      "mean": 44.98894147381478,
      "std": 20.09729391294003,
      "min": 0.0,
      "max": 121.34306719985292,
      "median": 45.05396574767417
    },
    "do": {
      "mean": 8.041517397797307,
      "std": 0.6668087664334411,
      "min": 0.11838751550687504,
      "max": 10.014779412848283,
      "median": 8.056251333351906
    }
  },
  "seed": 42,
  "freq": "5min",
  "anomalies_injected": 50
}