{
  "training_date": "2025-12-07T14:30:59.755619",
  "training_args": {
    "seq_len": 20,
    "batch_size": 64,
    "epochs": 50,
    "lr": 0.001,
    "hidden_size": 64,
    "num_layers": 1,
    "patience": 5,
    "seed": 42,
    "grad_clip": null,
    "use_scheduler": true
  },
  "models": {
    "ph": {
      "epochs": [
        1,
        2,
        3,
        4,
        5,
        6,
        7,
        8,
        9,
        10,
        11,
        12,
        13,
        14,
        15,
        16,
        17,
        18,
        19,
        20,
        21,
        22,
        23,
        24
      ],
      "train_losses": [
        0.03805502023944845,
        0.005800266750156879,
        0.004790931753050841,
        0.004456864030588968,
        0.004126352515667066,
        0.004092443476766959,
        0.004076047304284866,
        0.004006137183989535,
        0.0039486200453286045,
        0.003992253834320629,
        0.004036814974407192,
        0.003933758089379942,
        0.0039551861385707975,
        0.0039451722719813466,
        0.003902286413263102,
        0.0038898265710650163,
        0.0039193492104131426,
        0.004003267771503354,
        0.0038507463759742677,
        0.0038516965521056754,
        0.0039054859509752666,
        0.0038396328722019907,
        0.003816007789163316,
        0.0038385989362007527
      ],
      "val_losses": [
        0.007281436404633907,
        0.00607897647686543,
        0.004924923166512481,
        0.004994372078668206,
        0.004338964166480207,
        0.00437392043550649,
        0.00443685503916875,
        0.004285972129793898,
        0.005191591350481876,
        0.004239956014639427,
        0.0042924098670482635,
        0.00502586041787459,
        0.0042251793051799455,
        0.004218319896608591,
        0.004185811939438985,
        0.004382324292354526,
        0.0041870191437943325,
        0.00423166956452112,
        0.0041820228910974915,
        0.004206441132532012,
        0.004191089203701385,
        0.004238441609026444,
        0.004421792316040204,
        0.004214517621984405
      ],
      "best_val_loss": 0.0041820228910974915,
      "best_epoch": 19
    },
    "tds": {
      "epochs": [
        1,
        2,
        3,
        4,
        5,
        6,
        7,
        8
      ],
      "train_losses": [
        0.05198178440332413,
        0.03242070102667222,
        0.03248239183401475,
        0.032548336831272624,
        0.032407785002447544,
        0.0324285290371932,
        0.03221641256489226,
        0.0322754972721221
      ],
      "val_losses": [
        0.029234681098211195,
        0.03026498325409428,
        0.02909404123502393,
        0.029511535660393776,
        0.02957107661472213,
        0.029452330763301542,
        0.02910043287181085,
        0.029146898898386186
      ],
      "best_val_loss": 0.02909404123502393,
      "best_epoch": 3
    }
  }
}